id,participant_id,trial_number,max_pumps,num_pumps,popped,total_earnings,condition
000b7337-7c17-459e-bd9b-732ed575ec9c,13561597,14,28,12,false,7.1,baseline
0012f31c-457d-465d-bc8b-63b62e205c9a,89254563,11,46,19,false,10.45,baseline
0016c2c5-ecb8-49b6-a0a1-b1874e9aedb0,28728463,1,24,24,true,1.15,pressure
00207b9a-9c97-4949-bf2c-ffd4fad757f5,90801586,11,46,13,false,10.3,pressure
00213394-b9a8-4413-8ae7-d55b8b3254db,41227216,3,53,23,false,2.4,practice
006a672e-b239-4bb3-b6fe-f201feb756ca,41227216,0,58,15,false,0.75,baseline
00ea3a38-e220-4578-9d5a-e3c99747f84c,46913810,12,29,13,false,7.55,baseline
011da61b-f53a-4249-acf8-9ec1f0f53adb,95822412,3,13,13,true,2.35,pressure
012f1770-f1d1-496e-a823-5073cb96e84b,28728463,1,29,29,true,0,practice
01bf554c-b973-41d8-9b73-92422e5044c9,13561597,6,29,11,false,3.35,pressure
01efd08e-2845-4234-bcc3-2dc5ebe1ef5b,83197857,1,17,13,false,0.65,practice
0274288c-ee7c-4689-9c08-8960e38e28da,24942603,9,49,26,false,6.85,baseline
027d1548-251b-420d-ac52-2043a14fd90e,14265799,11,46,15,false,4.65,baseline
02b89064-85f4-4ed9-9ca7-f5f4c50093e9,39958838,9,49,18,false,5.6,pressure
02ee3517-1774-4fc3-83e4-2b9a328b2142,13356886,4,16,10,false,2.85,baseline
037f5ba9-b976-492f-bae5-244a0a087d08,13356886,0,63,6,false,0.3,practice
039a912f-4b27-43a8-aa9b-c58ba2394709,46913810,2,13,8,false,0.8,practice
03b59d54-4f6a-447e-b849-466936f02b22,14265799,9,49,10,false,3.3,baseline
03ecf8e6-5a09-49ec-b59e-3a0aaa9af1ad,46913810,4,31,8,false,1.65,practice
04581686-8803-4f30-94c1-1e5cccf128b2,28728463,1,24,24,true,1.35,baseline
048cb032-20c9-434a-af76-78ad5af381cb,95822412,10,39,15,false,5.45,pressure
0587c754-6062-435b-9020-83fadf26fe3f,39345092,3,42,42,true,0,practice
06219c94-daae-4333-8b67-fe118caca845,39345092,10,39,35,false,6.85,pressure
062649e6-0683-48f8-a1c5-911faa7c501b,13561597,9,49,7,false,4.65,baseline
065433c8-f57b-4a94-8f72-5c99c8667fe8,13356886,7,41,14,false,4.9,pressure
06872e9f-a40b-4ab6-bb24-c041658b04be,99999999,4,16,16,true,0,pressure
072cb09b-4dc3-46d6-a61f-25e90b686166,23756669,12,29,11,false,7.1,pressure
083522d2-5b14-48f3-a772-cc0bde7e1f28,83197857,4,16,16,true,2.2,baseline
08ee1252-c3be-4d4a-b5fc-700677f749f5,28728463,11,46,23,false,8.2,pressure
0957d336-65e4-415f-b85c-bbd71a6498ff,42868828,7,41,25,false,6.3,pressure
0964dd92-7823-4727-b134-2c2aa9a191dd,99999999,10,39,39,true,0,pressure
096c9560-db9c-443b-b71e-d3082c24face,46913810,7,41,12,false,4.5,baseline
09822a6e-18a4-4447-8b29-407cf92ffe7e,41227216,10,39,13,false,6.8,baseline
0afee22a-4501-4edc-a84a-7a16f43b5a46,21668732,0,58,19,false,0.95,baseline
0b2bf265-cfa7-4fe3-b95f-f7ebeab170a4,39958838,8,13,12,false,3.8,baseline
0b800c88-711f-452b-8c70-511ba65b305d,28728463,2,26,26,true,1.15,pressure
0ba5a7c6-b13b-4c66-a14f-8023e8d2e1fc,46913810,2,26,11,false,1.65,baseline
0bff8714-baff-4e04-aa0c-3e1db7568ee2,42868828,11,46,18,false,9.55,pressure
0c062b62-45d0-4b2f-b9be-b9ac7372e449,89254563,2,61,55,false,2.75,practice
0d6b7acd-e8a2-4f70-824e-bb067b26f8e7,42868828,8,13,13,true,5.35,baseline
0e3ab480-3be1-425a-a056-5587d9fe7f45,39345092,4,16,16,true,3.0,baseline
0e786c7a-c8ec-4725-b7cb-4c7005c5da62,13999315,4,16,9,false,2.6,baseline
0f04a72a-5033-4c18-8962-766f3135805c,13356886,5,56,13,false,3.5,baseline
0f1c48c3-fb6a-48dc-8011-eb3c440c2a76,83197857,11,46,23,false,8.6,pressure
0f325322-70cc-4881-b2f6-3b12b4be0553,90801586,8,13,13,true,5.0,baseline
10598d4e-8e8d-40de-9b72-c918b88dd464,13561597,7,41,13,false,4.0,pressure
1079e93f-2e10-4138-94c7-93edaad90859,39958838,1,24,24,true,0.85,baseline
10ef1007-f118-4ec1-8eeb-5240d59dec95,24942603,8,13,13,true,4.55,pressure
10f1e80e-9c95-4db1-92c3-683d981d479e,14265799,10,39,19,false,8.1,pressure
1107f6c1-ffc0-442b-acc4-84e11b2c51f5,42868828,11,46,27,false,8.6,baseline
11211c87-f76b-47ea-8b0d-1a622b99d144,28728463,9,49,39,false,8.85,baseline
11554d3e-d36e-4769-978a-333053b65448,42868828,4,16,15,false,3.0,pressure
118674ab-50a8-46ae-9086-fbe4ebdedf79,39345092,12,29,29,true,8.15,pressure
11a42e10-d09e-44c6-9771-3b84a7f248c2,13999315,4,34,21,false,4.8,practice
11f29568-353b-4781-b191-4e600879ee7e,23756669,13,13,11,false,6.95,baseline
1258aa19-14f7-49a6-86b8-eb820fe33412,13999315,12,29,23,false,10.15,pressure
134fc5ef-6c28-4daa-9f8e-25155ae76b22,24942603,13,13,13,true,10.3,baseline
13fe235a-b546-4da6-992b-1e6e3aa373d5,39345092,6,29,28,false,5.7,baseline
143eac48-24a0-4688-a7c6-d3ff9b01f644,77827638,10,39,15,false,6.0,baseline
149f1e63-ecaa-456b-8e5b-f8fd4c426a4b,95822412,14,28,17,false,8.6,baseline
15681e92-d216-45cf-8410-e4c02e0af536,14265799,13,13,12,false,6.05,baseline
15b1de0e-b001-4134-a480-59c74d90de33,39958838,4,31,31,true,1.0,practice
15e429dd-97dd-4bbf-9c68-1e37563fe2a4,24942603,3,13,13,true,2.3,baseline
15e84d44-e771-411b-b1d9-2978edb19e52,90801586,12,29,21,false,9.1,baseline
162e3d43-de0a-4ac9-bfa6-a9615139b337,42868828,7,41,18,false,5.35,baseline
16c8e318-25b3-403a-b038-e466cfab3caa,28728463,5,56,27,false,3.75,baseline
17d86374-447a-4483-9856-6f8dd42c2964,83197857,9,49,20,false,6.3,pressure
182eb832-b6ba-4650-a277-0778ace8eea8,13356886,2,26,17,false,2.35,baseline
1875a21f-8458-4af8-8ad1-5255726fb199,14265799,12,29,16,false,5.45,baseline
18c4123b-2ac3-44d8-a35d-97286f3adcac,21668732,14,28,14,false,7.8,pressure
19ae4d6b-a5a5-41e1-89d8-ba400e37f9a2,46913810,1,24,11,false,1.1,baseline
19f32e20-cd4d-44f0-bdd2-eceaf720f5f0,22575562,9,49,26,false,6.95,pressure
1a0a02f6-f58f-4fa6-9473-d4894e7f6b76,89254563,14,28,12,false,9.25,pressure
1adf7186-ecc3-4251-86fc-ea85f3f6f660,42868828,9,49,21,false,7.35,pressure
1b949054-9431-4ce4-9e46-f52a85b293e4,24942603,11,46,22,false,7.3,pressure
1be270de-57b4-4f33-b05a-371bf21c7e44,83197857,1,24,15,false,1.4,pressure
1c3b8f8c-b3f6-490f-a290-5d59ceab2ac7,39345092,0,58,36,false,1.8,baseline
1c5dfb4a-ac27-4391-9318-2d7ca800b247,46913810,8,13,12,false,5.1,baseline
1d147fe8-bb51-4a3e-a98b-4cdc160c4951,77827638,9,49,13,false,5.25,baseline
1dd93d09-99f0-4305-900d-8b98ff462686,13561597,0,58,7,false,0.35,baseline
1f6a069c-1d8f-428d-8916-b403c0d15aeb,46913810,3,13,10,false,2.15,baseline
1f903deb-1754-45cd-9056-5ec958bf32bb,95822412,7,41,26,false,4.85,baseline
20321bed-b606-477a-af5a-dfc3364fc933,24942603,0,58,18,false,0.9,pressure
21536997-6f8f-4ae5-ba12-cbc18b6052f8,42868828,1,24,18,false,1.6,baseline
21543fee-a743-4876-b24f-c1d1cbcea409,23756669,4,16,16,true,2.0,baseline
215e1e10-1b7e-4cdf-9582-a56f5af3dffe,13999315,14,28,22,false,11.25,pressure
218beafc-14f9-4d4e-b29c-c4b45819db7c,14265799,8,13,10,false,2.8,baseline
2317a19c-cbbb-43ec-b5c8-4e259be8ac8b,14265799,1,24,24,true,1.4,pressure
23ab1518-f67f-450d-8c92-0da3cbcb2119,89254563,1,29,29,true,0,practice
23f45bab-8b08-43ff-9331-28e49fcd1c94,39958838,4,16,16,true,1.75,baseline
241effe3-ec8a-4949-aa40-f02446519f08,89254563,13,13,13,true,8.65,pressure
24253095-97e0-4feb-b7f7-c402282234e9,24942603,7,41,14,false,4.55,pressure
24bff8dc-72cc-4344-a17e-db8e416d68ac,89254563,1,24,24,true,1.4,baseline
24d6835a-8c44-4107-83d4-11d6f2e3d86a,39958838,9,49,18,false,4.7,baseline
25aa7328-0747-4e5a-8069-864563c4d730,39345092,8,13,13,true,7.15,baseline
26155579-3ec5-4c2c-a7ed-a216c967e5d9,13561597,6,29,13,false,3.6,baseline
26e435ef-c16c-4419-b219-0305d2173cd6,24942603,3,13,13,true,2.5,pressure
2701c2c0-c830-403e-b0ef-625b782f6b9e,46913810,0,58,11,false,0.55,baseline
27272aee-9721-49d2-9f69-b033ed40203a,66629388,10,39,7,false,4.3,pressure
285e5cb2-a881-4367-ae5b-d4db4222931c,83197857,9,49,24,false,7.1,baseline
2880cd9e-e585-4710-b85a-4ad9662f1936,89254563,0,50,50,true,0,practice
288ef6a8-bd43-4c8b-bed9-5cc0cc18f2ea,22575562,7,41,25,false,5.65,pressure
289c4f0d-d472-4971-8e5b-df799411205c,21668732,5,56,16,false,2.55,baseline
28d61611-a3ef-48e6-81be-b922fc447fca,89254563,5,56,12,false,2.6,pressure
2936b3fd-c32f-4001-b08d-63a18a3a97fd,66629388,5,56,9,false,2.1,pressure
29503f8c-3807-47c4-8630-78e8817d0f6b,89254563,12,29,29,true,8.65,pressure
2a0a1889-0835-4760-8647-fa5c9eaa5f8d,39958838,7,41,33,false,4.7,pressure
2a415494-c634-4883-a0c2-3177c63125ac,89254563,11,46,31,false,8.65,pressure
2affd0bc-5fb1-447c-bdb0-1501d8318f2e,46913810,11,46,12,false,6.9,baseline
2b104812-bfad-42ce-bad2-da956219d914,90801586,8,13,13,true,7.1,pressure
2b52b368-1527-462c-b313-72341f8e19b0,23756669,1,24,10,false,0.95,pressure
2c06ebc0-64ae-4fa4-aaa6-7d594773d30e,39345092,5,56,14,false,1.35,pressure
2cf8c3bd-4dc5-4da1-9d7c-728638bec606,77827638,6,29,15,false,4.45,pressure
2cfb022e-f2b6-424c-b5ef-48cbc424b3c5,66629388,13,13,11,false,5.9,pressure
2d3e2de0-0e68-49ff-9b68-78c5e6762f36,22575562,12,29,19,false,9.35,baseline
2da8318f-b75e-4f4d-8ddc-e2de4ea3ecef,22575562,4,16,15,false,2.7,baseline
2dd5d2a4-190d-44cc-a139-49093bf93b5b,99999999,12,29,29,true,0,pressure
2df121c0-2d01-42a8-9aec-7210ee6b6c81,13561597,1,24,9,false,0.75,practice
2e7bfde6-6229-49f2-9241-017a79eaa8cd,77827638,2,62,12,false,2.05,practice
2ead804c-b921-43f8-8834-8e36535ec4ed,77827638,10,39,15,false,7.05,pressure
2eb7d6c7-f8d9-41e7-b42e-786152933302,41227216,5,56,12,false,2.8,pressure
2f1cdbdb-5b0c-45ab-9b07-54806865b1d4,83197857,3,13,13,true,2.45,pressure
2f25eefd-5e5c-4c51-99a8-35b8245d985e,46913810,0,16,16,true,0,practice
2fa90a31-b0dd-44fb-aa93-d2c9c2fd26c5,46913810,4,16,10,false,2.65,baseline
2faec0b1-15da-46b0-8dd9-37dd529886dd,90801586,3,13,13,true,3.0,pressure
2fc5b793-c7b5-4bde-9063-67ec521589a2,23756669,7,41,14,false,4.85,pressure
2fd1a219-2140-4926-9ac1-c39c0fe71b70,23756669,6,29,14,false,4.15,pressure
30fe742a-b7f3-4b4d-9744-1799bddaa670,99999999,6,29,29,true,0,pressure
3147053e-1a63-4e91-badd-236c989f8f1b,23756669,2,26,11,false,1.5,pressure
31726dbf-ea5b-4a02-8ce4-e2cfa7b08116,90801586,6,29,24,false,5.9,pressure
31748b38-b3bc-4532-819d-db98a4907f9f,90801586,3,13,13,true,1.8,baseline
31b98e95-98e7-466a-a40b-cc464d60644f,83197857,4,31,11,false,1.65,practice
32175af8-ea51-4d6b-9dd3-6d4ff8d605f6,90801586,14,28,28,true,11.4,pressure
3220c7a1-ad98-4d20-9c3a-90723a0aefaf,89254563,3,13,13,true,2.0,pressure
32a96099-f4aa-4e1d-aeba-254f29a69518,14265799,3,13,13,true,2.45,pressure
32bb413c-8e96-4d92-8338-d2fb328c785f,41227216,12,29,13,false,8.2,baseline
32cc1abb-6749-4b11-bb1b-41514c975a13,66629388,14,28,15,false,6.65,pressure
331000a4-573a-4fe2-bb57-8b805e31d9ed,41227216,6,29,16,false,4.85,baseline
3333f76a-1142-4ccf-8237-69706577fa40,66629388,3,13,10,false,1.5,pressure
334b1822-7f31-460b-b511-d6bd331f1ef8,14265799,11,46,19,false,9.05,pressure
338e4852-2e18-425c-b69b-433ad859df09,13561597,4,16,9,false,2.25,pressure
338e97db-8720-4e95-963b-f0cedf25abf1,83197857,5,56,26,false,3.5,baseline
351ee458-f11a-48df-b05a-baf83f750b7e,66629388,7,41,10,false,3.05,pressure
354eadfa-a7de-40b0-8b59-f4189cc2c32d,13561597,7,41,14,false,4.3,baseline
3573aeb2-9074-4d2a-986e-8b4c3f85afb6,83197857,3,13,13,true,2.2,baseline
36530010-8dde-445e-aeb4-a710c6b0fd41,39345092,0,58,37,true,0,pressure
366e890c-2c1f-4946-b8e5-7a2bfd87e9b5,90801586,7,41,24,false,7.1,pressure
36bde200-bafc-4ae8-935e-74045792a517,22575562,0,34,32,false,1.6,practice
36e3103b-2785-45e1-98be-952c67d616e8,39345092,5,56,26,false,4.3,baseline
36fc6df7-9d73-40da-aaa1-1e074337482f,95822412,11,46,17,false,7.0,baseline
3784ed27-2546-4f1b-922c-bbd05b672059,13999315,7,41,21,false,5.4,pressure
379aa7c9-128d-4d05-a0ec-a78605d18a6c,41227216,12,29,12,false,6.4,pressure
37b94551-7bdc-4c44-a7ee-cd2ba255e0b2,24942603,2,26,26,true,2.3,baseline
37e96987-7a00-413e-81a9-275e9140d662,13999315,0,58,31,false,1.55,pressure
37ef6d84-5e82-46ef-b3a5-4a8ad9d42e39,90801586,9,49,24,false,8.3,pressure
39ab3631-be46-44ea-9ba5-d336ea0e4baa,90801586,0,50,23,false,1.15,practice
3a21568b-5832-4bf9-91d9-718e4c945ce1,28728463,9,49,27,false,5.9,pressure
3a40a5eb-f954-4ae2-a5bc-339c1b5fd5d5,41227216,10,39,12,false,5.2,pressure
3b0d3b14-5d51-4cf9-8e9f-2fccbed114a4,22575562,1,24,22,false,1.95,baseline
3b36558b-5dda-40a0-919d-ee1a52204df7,24942603,4,31,24,false,3.9,practice
3b74c1ef-328d-44f1-aa96-63651f1aec03,23756669,5,56,10,false,2.5,baseline
3b985404-d04b-43c2-ae32-1c27af514b3c,13561597,9,49,7,false,4.35,pressure
3bb1d56e-ff2a-4079-be53-e60aee60cad3,83197857,7,41,24,false,5.9,baseline
3c333ed0-09be-4d0c-9c23-4ee044efca3b,13999315,8,13,13,true,5.4,pressure
3c547cd6-a70a-44ad-8d8b-6dde14ab2e1f,39958838,14,28,15,false,10.65,pressure
3cc56d50-3f36-4199-afd3-b10914fd7b6d,13561597,0,58,6,false,0.3,practice
3d0ae86d-ebb6-4caa-bf9c-4b4578114060,22575562,6,29,27,false,4.4,pressure
3d62a927-a6b3-48a4-b9f9-439b1026c9a1,77827638,0,58,14,false,0.7,baseline
3d62e21c-af69-4f3c-bc54-be1a0bd6efe5,66629388,6,29,16,false,4.55,baseline
3d905c23-06e3-4ea5-840e-30075e7027d8,39345092,13,13,0,false,10.95,baseline
3ec90524-9cc4-4e5a-a82a-2724cf7eb2f5,23756669,1,24,11,false,0.75,baseline
3ef83caf-d30c-49a3-ab7c-040880013935,22575562,5,56,26,false,4.0,baseline
3ef95c1a-1343-4885-b3b5-02d13a064187,23756669,3,13,10,false,2.0,baseline
3f009bf0-3e3d-4565-91de-7829a724a4f9,95822412,3,60,44,false,3.45,practice
3f74c59b-6ea2-4da8-95a8-663145c67c18,89254563,2,26,26,true,2.0,pressure
3fae2e47-073f-4533-896d-5d6ae4e38ae0,42868828,10,39,26,false,8.65,pressure
3fae7d2d-c605-4995-bde3-0e2d72d15ad1,41227216,13,13,13,true,8.2,baseline
406a81d2-9132-453a-879e-b11eb8c4b1ac,24942603,13,13,13,true,8.35,pressure
40aa8302-2e2e-4ef7-8244-7ad98d9df8b1,46913810,2,26,8,false,1.2,pressure
412463fd-767f-4b22-baf1-e9d5dfb85d80,24942603,14,28,16,false,11.1,baseline
41521451-f9b9-46eb-8f40-c8b13a36db3d,39345092,2,26,26,true,0,pressure
41768e0a-f87a-44ef-bfd3-1e7fc187ec38,24942603,12,29,21,false,10.3,baseline
4199e77b-d87c-4315-ac39-35a4c9c1ac52,22575562,13,13,13,true,9.4,pressure
425c8f80-06ca-4338-a117-b4b0fbe43e17,42868828,0,58,14,false,0.7,baseline
428b370d-309f-4b21-b430-c299c071918a,95822412,10,39,14,false,6.15,baseline
43069ddf-7789-4771-81a6-c4f39c5edb36,39958838,14,28,13,false,8.1,baseline
4309c6a8-7855-40ca-a658-4fad6ddbb131,13356886,14,28,14,false,8.65,baseline
436c8ac5-0394-4d62-8031-a707ff62a5d4,77827638,2,26,17,false,2.3,pressure
438587ba-8142-4d9d-9a1f-bd7737583a60,28728463,6,29,27,false,3.25,pressure
44d9619f-76fa-4d01-af2e-d9b80bd020d4,13561597,3,53,9,false,1.55,practice
44fb02e0-c2b7-4132-abdc-e9692395a11c,41227216,11,46,15,false,7.55,baseline
45aa0659-f902-4402-960d-a8c57798603b,95822412,14,28,28,true,6.15,pressure
45f8bdaa-cfa1-4e53-9169-a082fff0df05,39958838,12,29,28,false,9.9,pressure
46183e79-7764-4756-a0d3-8a96b8e1bf96,13356886,1,29,10,false,0.8,practice
46269cad-b9a0-481e-95a4-cde4276ef5a3,28728463,5,56,15,false,1.9,pressure
469a06f6-da01-4f91-92fe-b427200fde04,24942603,0,45,40,false,2.0,practice
471cb5a2-ff99-4df6-9999-f8c4d5f57323,42868828,0,58,9,false,0.45,pressure
48f9c7ef-77da-4631-8adb-3e818ebb4937,21668732,11,46,11,false,5.9,pressure
490bf096-b1e7-410a-b360-d39baed899a6,90801586,4,16,8,false,2.2,baseline
49b672ef-775d-4148-8a51-8c3862045f66,22575562,14,28,14,false,10.1,pressure
4a530652-dbac-4fa1-8d67-9ead4e4a07cb,42868828,9,49,17,false,6.2,baseline
4a5c98b6-f86f-4c92-af5c-75f2a9737f70,22575562,0,58,17,false,0.85,baseline
4ae511d2-77fd-4992-a791-f06de19e7fe9,21668732,14,28,9,false,8.35,baseline
4b058972-32bb-436c-824e-55cc4572e225,39958838,0,58,17,false,0.85,baseline
4bb55b44-458f-4d38-b11c-0f4d8e398200,21668732,1,24,17,false,1.3,pressure
4bc02e09-57dd-445c-a780-a518e3f171e8,21668732,3,13,13,true,1.3,baseline
4c677129-ca2f-4075-904b-17efebafd06e,24942603,7,41,23,false,5.55,baseline
4c6ad81d-27a3-4a84-bc54-7682522c97bc,14265799,8,13,13,true,6.3,pressure
4c987478-be4e-42b6-8c39-dfae027296f2,24942603,12,29,21,false,8.35,pressure
4cd2a1c1-e060-4657-85ed-82553e3dc3cc,77827638,3,53,12,false,2.65,practice
4d4cefff-74ef-4062-aead-cdb68a887dce,13561597,12,29,7,false,5.55,pressure
4d8cda23-74c0-4fa4-84bf-752f11d20a80,77827638,8,13,13,true,4.6,baseline
4e85c9b2-dc25-47ce-a4ae-1384f4bba976,89254563,0,58,40,false,2.0,pressure
4e930544-56e1-4165-b1e6-1f01a149bddd,13356886,14,28,14,false,8.4,pressure
4e9e0306-9a54-4b95-b771-c6ac23a0fa48,21668732,3,13,13,true,2.3,pressure
4eabdb59-33fa-4f23-bf1f-d6ce3ac46a3b,24942603,1,24,23,false,2.3,baseline
4ec606cc-c845-4ccc-9381-8c50bca3c7ab,14265799,2,26,21,false,2.45,pressure
4eeba0f4-287e-4386-903a-05df9d5abad8,21668732,1,29,12,false,1.05,practice
4f50a544-8d4d-4ec8-a2e2-1eed74c05cd6,77827638,14,28,13,false,8.4,baseline
4fac864a-ab17-43ae-b727-fcfa07d2511f,66629388,12,29,24,false,9.65,baseline
4fb341a6-214a-41d4-893c-4d865b625ec7,83197857,13,13,13,true,9.8,baseline
516341a5-cbe1-42d3-bdf3-c07d27ff48d3,42868828,14,28,20,false,11.75,pressure
516fc425-cfda-4f9b-8716-dca413d2d9e8,21668732,4,16,16,true,2.3,pressure
5200d1b4-efeb-42c0-a73f-4ad6a4fb28e5,90801586,5,56,17,false,3.05,baseline
526897da-5437-4c32-8cbc-981fc567bf7e,83197857,8,13,13,true,5.9,baseline
53701de2-592f-4da8-a1f7-6f287853e39b,77827638,0,50,29,false,1.45,practice
53fc16e1-d7e2-4191-90ef-8c05d0f08354,95822412,2,26,13,false,2.35,pressure
556f245e-6337-4787-a0ea-fd780972d0a4,39345092,1,24,24,true,1.8,baseline
558b7c5e-1b33-4dbb-926a-a7c742945f66,13356886,5,56,14,false,3.5,pressure
55a56a6f-b894-46e2-9466-498c75676b8d,39345092,8,13,13,true,4.05,pressure
55eadbd8-cefd-4af5-b2f1-d00d14d44971,39345092,2,6,6,true,0,practice
560f6a2e-3c7c-4c2d-b9f1-b7d38ed3bd25,22575562,9,49,16,false,6.65,baseline
5665ac4e-4f4d-425f-af67-6f8c2e8c8d4c,41227216,8,13,13,true,5.6,baseline
579fb2eb-e40b-4eac-87ee-2342c06efbbd,77827638,5,56,15,false,3.35,baseline
583e200a-960c-4d17-ba9d-be179cc09529,42868828,2,13,13,true,0,practice
58fa1c9e-3de2-4852-9cfb-caa8eaed47c3,28728463,0,58,23,false,1.15,pressure
59d6ddb3-6044-45d6-a37e-6ddb7373a876,66629388,4,16,13,false,3.0,baseline
5b23ba36-325e-4efc-8769-71979dd74c71,42868828,1,24,16,false,1.25,pressure
5b35ec74-9d96-483b-b365-c30d7c1a2c78,13999315,7,41,28,false,5.05,baseline
5b69ce00-9228-4538-8bde-fce452c3e5cf,13999315,2,61,54,false,3.75,practice
5c2b5fb8-0c5f-4860-88be-baaf30bc9c7b,39958838,5,56,9,false,2.2,baseline
5d219cd9-e44f-4359-b453-606892bbc897,39345092,7,41,29,false,7.15,baseline
5d59eb5e-13ad-44d1-bc99-f1ac14200b11,28728463,11,46,15,false,9.6,baseline
5d9a799b-39d2-4fa4-9123-646c0a272003,13999315,0,47,10,false,0.5,practice
5dc9a8ac-27a2-43f9-830b-a48fc71b77c8,24942603,1,8,8,true,2.0,practice
5e5d1fb7-e4fb-4434-8252-a54301d782b0,90801586,0,58,19,false,0.95,baseline
5e8f179d-5558-4f7c-bc2c-194cb21afae9,99999999,14,28,28,true,0,pressure
5f0b2bf3-e179-4878-9098-578dfff1f2dd,21668732,4,16,9,false,1.75,baseline
5f7f13ca-06cc-4f4f-a1e5-237a74a1b01c,83197857,8,13,13,true,5.3,pressure
5fa063e5-0ff6-4e16-979b-eeadc8999af0,39345092,7,41,26,false,4.05,pressure
5fe3c324-9784-4519-96d3-f1d80d58d8af,24942603,11,46,20,false,9.25,baseline
603102e2-992c-4cae-985c-15376cd6c506,42868828,3,13,13,true,2.8,baseline
605959da-e7ee-40f9-9393-b45e5e52a421,46913810,13,13,12,false,7.0,pressure
60678a2f-93d1-46f8-8125-6cc221a2cb7d,77827638,11,46,16,false,7.85,pressure
61110385-8981-40b9-bf87-d36823115802,22575562,4,34,10,false,2.8,practice
6163de5b-11a9-4959-8065-dc6d0f8a99c6,13356886,12,29,15,false,7.95,baseline
616d01dc-f397-45ce-9da6-87aac7bb205e,66629388,0,52,5,false,0.25,practice
618d0d60-e2df-4d74-a2e0-58f2b98c5eeb,39958838,7,41,11,false,3.2,baseline
61f44bf7-8185-494d-86b5-2010dbe8c27a,13356886,13,13,13,true,7.7,pressure
6370a45b-1500-4db6-83af-c17f91e4f346,39958838,6,29,9,false,2.65,baseline
6376030c-2b7b-4d76-8cda-6728b943b71f,95822412,12,29,29,true,6.15,pressure
63bbea00-d90a-4080-b1a5-fe1b101c9ca8,28728463,3,13,13,true,2.4,baseline
640c721e-6988-4a07-9263-e59199b13c05,46913810,5,56,12,false,3.25,baseline
6433fa39-1209-47f9-91b8-f6a11088af75,46913810,6,29,11,false,3.1,pressure
64effb81-b727-4897-a467-e749aaf713d4,28728463,7,41,39,false,6.9,baseline
64f7933c-328e-4487-a1c0-773dde2f4094,24942603,10,39,28,false,8.25,baseline
677be89c-64d7-4483-900d-38edf1c7f6de,95822412,8,13,13,true,4.85,baseline
67a33cbe-0630-4846-b817-7f0b21a4c04d,39345092,11,46,26,false,8.15,pressure
67c2051b-50fc-44d2-9553-e10c88ba9d86,77827638,2,26,13,false,2.05,baseline
67dee3fe-e78e-44c5-8fd7-9469d3a08411,39958838,1,24,24,true,0,pressure
68b3840d-b43d-455c-a514-8fe153e08887,41227216,4,18,18,true,2.4,practice
68f88aac-9ab6-4db3-a165-ea7f0343a95d,90801586,2,62,16,false,2.65,practice
6902580c-d214-4f6c-a3c8-ec6f7fff48e7,41227216,2,62,14,false,1.25,practice
6950fe8b-afca-4a23-b406-c6863a707b09,41227216,8,13,13,true,4.2,pressure
69b0c0ba-09ea-4f72-a9cb-56eefac7f3b3,42868828,10,39,21,false,7.25,baseline
69eb8255-ff40-46c8-aa41-4eb255197a35,13999315,5,56,21,false,3.65,baseline
6a3c3574-5983-4bf1-8374-042f75806331,39958838,2,26,18,false,1.75,baseline
6a60044a-215f-4c83-a19f-0e8e138d1459,21668732,8,13,10,false,5.45,baseline
6a878e0a-78dd-4376-9ebf-1ff3cc23a133,21668732,11,46,2,false,7.9,baseline
6af5252e-09c9-4c83-a413-7de616ce69f0,42868828,13,13,13,true,10.75,pressure
6af85cfc-1e16-43de-a5f6-ad5d1c039c4c,39345092,1,1,1,true,0,practice
6b1c0427-482a-4405-a097-8436276ad7e6,66629388,2,26,26,true,2.35,baseline
6b1ff980-f2b6-42c2-9799-b3efde9b7cb7,66629388,8,13,12,false,3.65,pressure
6b59c0b7-e927-40e6-882d-23a389843c8d,41227216,3,13,13,true,1.7,pressure
6b59c47d-f916-4081-9dd7-e6851c6fddfe,77827638,7,41,12,false,4.6,baseline
6bd96847-2785-46c0-87ce-5f7643764e51,77827638,0,58,13,false,0.65,pressure
6be570c5-7b01-4d0d-b8a0-0b87d457663d,89254563,3,13,13,true,2.3,baseline
6c46db5c-4d43-42b1-ab0d-2dc9cd5a1ce6,21668732,2,26,20,false,2.3,pressure
6cb4dfdf-b5e6-4690-b9bf-b3e10d8db1ca,13356886,8,13,13,true,5.05,baseline
6d030086-7775-4412-81e0-88c4d358702a,39958838,0,58,58,true,0,pressure
6d339230-804c-4042-b56e-8d4694183ed3,14265799,3,13,13,true,0.85,baseline
6d65558c-b263-4f08-baf8-45a8f82a7fa5,66629388,0,58,47,false,2.35,baseline
6e1f82fa-a1da-4ed1-b0d1-f404d92e42aa,41227216,1,24,18,false,1.65,baseline
6e5832e7-dd5c-4d96-bfc7-32cbfedcc514,46913810,12,29,12,false,6.4,pressure
6f2ff454-e2a1-4729-976e-0ac003fb6883,41227216,1,24,11,false,1.1,pressure
6fab6c28-5ab3-42c3-8a1b-74ae5639e55f,83197857,13,13,13,true,9.8,pressure
6fc182ae-fa30-4ef3-9742-2e5761661de3,24942603,1,24,14,false,1.6,pressure
7009bdbf-7a09-4ec7-be83-5aa03a0b4e11,22575562,2,61,14,false,2.3,practice
708a3a4e-27d6-4eef-9335-d9952f9e96ac,13561597,10,39,9,false,4.8,pressure
708defc4-f8ac-4560-84bf-af27a7b0a21d,41227216,2,26,21,false,2.7,baseline
70df8a7a-453e-4ccf-9142-43191f60615c,14265799,10,39,12,false,3.9,baseline
715eac64-c369-444a-9eca-b8f125237231,13356886,6,29,15,false,4.25,baseline
7216bfbd-1225-474a-97bb-e49bf919039b,90801586,2,26,25,false,3.0,pressure
722048c4-5480-47d0-b346-b4a26027da0c,41227216,0,58,11,false,0.55,pressure
723090fc-d83b-41e4-aba1-ad35afb12fe9,89254563,7,41,26,false,5.05,pressure
723538d0-2c59-48cb-beea-4f1eed9e7873,89254563,9,49,23,false,7.8,baseline
7290610d-02d1-4b96-b09b-06b5c6a51786,24942603,3,60,14,false,2.7,practice
72dccb27-0e2d-4af5-9c49-e6ab19a56f21,42868828,8,13,13,true,6.3,pressure
72ebae7a-b9bd-47d4-b952-9124656cc6b3,13561597,1,24,9,false,0.8,baseline
72ef6a87-d9f7-4cf5-8abd-798eb06ed393,42868828,2,26,20,false,2.25,pressure
73191671-ff50-4ccc-86a3-3446b7676013,28728463,4,31,21,false,1.95,practice
73dd8e37-4e4e-4e48-b9ae-c4fb41b1531e,23756669,1,17,1,false,0.2,practice
7419f0bd-09e9-4dca-9605-0dece2445043,99999999,1,24,24,true,0,pressure
742fe54a-e249-49fa-8fc3-db453a803fa0,14265799,6,29,8,false,2.0,baseline
744de790-b742-46cf-b376-a69ac905b31b,13561597,13,13,9,false,6.0,pressure
7477e808-656d-46c0-b9f9-ca90a26ee994,13356886,9,49,14,false,5.75,baseline
748e55e5-eeed-4e7c-81bb-b325c783b922,83197857,2,3,3,true,0.65,practice
7495a6c4-b6f5-4dba-b8d3-33c4f7b3a55c,42868828,5,56,22,false,4.1,pressure
74a10f64-563a-4eaa-8384-2f552a57f8e9,22575562,1,24,24,true,0.6,pressure
74b772db-d824-4032-8bf0-30a47db65ecd,28728463,8,13,13,true,6.9,baseline
7504147a-130a-4491-a071-0713f6031cf2,39345092,6,29,28,false,2.75,pressure
75066f87-a22c-477d-a878-a0cd8488d306,41227216,11,46,12,false,5.8,pressure
750a0646-3ac4-44b4-b548-ff7f2f97c466,22575562,11,46,26,false,9.4,pressure
75302d48-6bcf-4da8-807c-e970668df571,99999999,0,58,58,true,0,pressure
75f769f4-d135-4d84-a5fc-48ac53a8af33,23756669,11,46,10,false,6.55,pressure
765d9ce9-4388-43ac-93c1-e5a196628996,90801586,10,39,22,false,7.0,baseline
768b55bf-24fa-4f7c-b2f5-46697763933a,28728463,13,13,13,true,9.6,baseline
76c1b355-8bd6-4fc6-ae88-872f0a52cf3f,46913810,14,28,12,false,8.15,baseline
76f68cd0-6f59-4eaf-b51c-257cf4e24cba,89254563,5,56,21,false,4.05,baseline
77028caa-38d4-4f6c-bf25-21a6d8bb97c9,66629388,2,26,8,false,1.0,pressure
772ba6c4-aec4-4a5b-8425-fc4ffde0867a,21668732,6,29,7,false,3.6,pressure
7774ac02-f47d-49b6-9323-01dcbd296072,13561597,5,56,11,false,2.8,pressure
77d31a85-e0dd-49e3-9013-85f59a6a60c7,21668732,13,13,13,true,7.9,baseline
77ed59ce-fa41-4578-a4aa-21ed6651bfea,39345092,14,28,21,false,9.2,pressure
789e31ad-c00d-4f27-9aa1-bf3d8f668c28,24942603,9,49,18,false,5.45,pressure
78c34263-1b7f-4464-b583-661109b8400c,83197857,2,26,23,false,2.2,baseline
78f0aebd-be1c-4751-8f62-a67ed85cc062,66629388,12,29,10,false,5.35,pressure
79dc1897-55bb-453d-9bff-b161e1f4e338,77827638,4,16,15,false,3.05,pressure
7a660b09-5e86-4892-b629-db6a4626090c,95822412,3,13,13,true,2.5,baseline
7af60c64-1eb7-4fc0-993d-d186b6fca4a3,66629388,13,13,13,true,9.65,baseline
7b42c0a3-8c91-4354-892b-275c19e3e244,13356886,4,31,14,false,2.1,practice
7cca8120-e18b-4ff0-90f6-9f655dc56203,13999315,13,13,13,true,10.0,baseline
7d04ab5f-5fe5-41ad-937d-1600653259ef,28728463,10,39,23,false,7.05,pressure
7d8afd10-084d-4edf-8901-56492ba33c0f,46913810,3,60,9,false,1.25,practice
7e855ad5-33e5-4aca-a62a-dbe500fae5c6,95822412,4,16,16,true,2.5,baseline
7ea0c3fb-b2dc-4fb6-afe4-4d05854d0a80,41227216,6,29,13,false,3.45,pressure
7ee60107-f2a9-4b04-b447-a201f1d01b64,46913810,4,16,8,false,2.05,pressure
7eecbbb9-8d2f-4b76-a4e7-b47465aba608,13356886,11,46,14,false,7.2,baseline
7f047e9d-6e7e-4e67-a31b-c7a14a1bc639,39958838,2,13,13,true,1.0,practice
7fb2f59b-47a7-466d-8a67-a2fd5277bbfb,90801586,1,24,17,false,1.8,baseline
7fc9b56d-4709-4dc2-b71f-59a9c4e22833,28728463,12,29,22,false,9.3,pressure
7ffb3de3-dc74-4f95-9e98-2daf149247ac,23756669,13,13,11,false,7.65,pressure
801a81f3-7643-48dd-84bd-d734c3dd4de1,13999315,11,46,30,false,8.7,baseline
801ea7c7-c7a5-49ae-b83f-f4ef26e170a0,23756669,5,56,15,false,3.45,pressure
810f7a09-b990-4712-a2d6-d4b754fbe9df,39958838,13,13,13,true,9.9,pressure
81735ab6-43e1-4cf8-9aae-fe34cf7fd3bb,89254563,4,16,16,true,2.0,pressure
81b3b704-89d1-4e7c-9ba5-f8fbb46c9156,13561597,12,29,9,false,6.0,baseline
8234d650-19dc-41c1-bac6-3a594b9a06d6,95822412,6,29,29,true,3.3,pressure
8284336c-0b27-4325-8485-4d4c54b6fe0b,22575562,7,41,16,false,5.85,baseline
82b8a39f-efd1-4a2d-b67c-ae2092e19e0a,41227216,7,41,15,false,5.6,baseline
830ad9e1-fed9-4fe2-bc51-0807a6c420d8,13999315,0,58,43,false,2.15,baseline
8369e70f-6f7d-4a8c-b1de-2d0656a04445,14265799,7,41,6,false,2.3,baseline
83a09c91-1861-4776-9c1f-e51cee829770,13561597,2,26,10,false,1.35,pressure
83c0a253-2142-41ae-b67a-b63630ca0fd1,39958838,11,46,27,false,8.5,pressure
83cb6f38-cc47-4d83-9436-765e0d1aeaee,28728463,12,29,29,true,9.6,baseline
83da11ca-dbe4-4498-b5b8-285304fae4bd,39958838,3,13,13,true,1.75,baseline
8406cd05-f0ca-41ac-8398-239e7b1d3dfc,77827638,5,56,13,false,3.7,pressure
85020100-2704-48ad-a24c-36f18a094961,13999315,3,13,13,true,2.3,pressure
85f67b58-13ef-442c-8f54-d6e7650dbe1b,13561597,11,46,10,false,5.55,baseline
8678cdb3-a749-4edf-a0b2-478d2724d1c3,13999315,2,26,26,true,2.15,baseline
868f3afb-4150-487f-aaa8-906bec900e59,66629388,9,49,16,false,6.45,baseline
869b1943-455c-452b-bc1b-0f809fc18d41,14265799,14,28,26,false,11.3,pressure
86c88a9a-fa72-45af-9f88-981200f056c6,23756669,0,58,9,false,0.45,pressure
8885e845-5d30-462d-992d-8dc615f8c2c9,28728463,7,41,26,false,4.55,pressure
88ab6173-99c9-43ac-bad1-0069ef4ff61b,66629388,8,13,13,true,5.65,baseline
88be2cba-8021-4b2a-ab27-16d3b014071d,23756669,3,13,11,false,2.05,pressure
89e0413b-2668-475f-8882-1468af666106,39345092,1,24,24,true,0,pressure
89f48d25-5037-4b89-a2ea-4554c94ca880,77827638,4,16,11,false,2.6,baseline
8a791030-9b9a-4d8a-bd80-e7bd3db0fdd5,22575562,12,29,29,true,9.4,pressure
8a7ed256-4d9e-45c5-98ac-67ac497ce7bb,39345092,0,48,48,true,0,practice
8b2326fc-f0bd-439c-b8a9-ca003d9b10de,90801586,10,39,27,false,9.65,pressure
8b425d48-b829-4b5c-9cd8-31cdec532137,77827638,4,18,18,true,2.65,practice
8becbef0-d36c-4964-a5ac-9cd5ba1097f0,13356886,11,46,14,false,7.0,pressure
8bfe7115-20c4-4997-a95e-b2599a182983,99999999,7,41,41,true,0,pressure
8c2ca313-ddb5-402e-a5c4-9d377d85a992,28728463,3,60,18,false,0.9,practice
8c9148c2-d420-4a17-b21b-37894f657837,83197857,0,26,0,false,0.0,practice
8cbaa358-efa1-4149-9bde-7a4cdddddf26,28728463,14,28,19,false,10.55,baseline
8d85ff86-d243-4776-97b2-3f28812dce59,13561597,4,18,11,false,2.1,practice
8ddd7861-3a03-4f20-9e0b-b0aa11c822c6,90801586,14,28,18,false,10.0,baseline
8df2fd82-ace3-4314-ba5d-662ea16dd024,83197857,0,58,13,false,0.65,pressure
8ea22165-c95a-4a16-80ab-97da27322870,95822412,5,56,11,false,3.3,pressure
8f01a51a-3f2c-4c00-bbdb-044373eef128,13999315,2,26,26,true,2.3,pressure
91796b9b-761f-4cef-9bc5-dd49310e4dda,14265799,0,58,4,false,0.2,baseline
927f71f6-da89-4f1b-89b0-0557bfac2f32,28728463,4,16,16,true,1.15,pressure
93b5cf5b-8fe7-493a-9410-b342b6ef3e6d,95822412,0,58,21,false,1.05,pressure
942a4c3b-a188-46c1-8411-9226501f0761,13561597,2,26,9,false,1.25,baseline
949d9d57-e174-4d6f-867a-20cc4fe08bf2,41227216,0,50,3,false,0.15,practice
961e5e1d-d5b8-4435-982c-04ec447a274b,21668732,0,58,9,false,0.45,pressure
96d0f75f-6ccd-44eb-adb1-5df3c7079397,90801586,11,46,21,false,8.05,baseline
972ac5b6-fe4f-4957-8f46-c25dc15aa3b6,21668732,7,41,14,false,4.3,pressure
9761ed05-bea2-47bf-abb9-4f35e7a71253,42868828,6,29,20,false,4.45,baseline
97cd6899-37a9-4ff5-ad01-be35df5bf2d6,77827638,7,41,20,false,5.45,pressure
97d39983-9d9f-489f-9255-e4de4104c8be,83197857,10,39,26,false,8.4,baseline
9854b64b-dd22-4558-be5a-7c92ae637d54,42868828,6,29,19,false,5.05,pressure
98a957d8-f798-41c6-b37c-edc126045796,90801586,4,16,15,false,3.75,pressure
98ae90d1-8ad6-43d4-a5e4-a238c702c482,89254563,8,13,13,true,6.65,baseline
98c9489c-1a98-4a72-b9b3-2876660bd64b,28728463,13,13,13,true,9.3,pressure
98e81223-ea98-469b-8dfe-c7343ff41675,39958838,2,26,26,true,0,pressure
99771cf4-952e-49d2-a27e-579b76cc0b29,13561597,3,13,10,false,1.75,baseline
99c651f4-6d94-45ab-aeeb-415a7fac212f,13356886,2,13,13,true,0.8,practice
99cf171c-9e74-4a51-b716-6fa510b2bf30,41227216,9,49,8,false,4.6,pressure
99da15e7-f26e-40db-8288-42eae6519526,13356886,12,29,14,false,7.7,pressure
99e3ac3f-13ae-42db-8ad1-8c361f59df78,23756669,0,26,3,false,0.15,practice
9ae2a30f-8412-4c33-9a0b-c7a93ad3fab1,28728463,2,26,21,false,2.4,baseline
9b0c2878-14ec-4dc0-ae3e-1322c74cf73d,13999315,1,49,11,false,1.05,practice
9c0169a0-36ed-4e98-a79b-4aaaa2bdbd82,39958838,1,29,20,false,1.0,practice
9c07673f-ffa4-435a-a6f3-20e5347ebde3,41227216,14,28,13,false,8.85,baseline
9c5f2640-d462-4c8c-9d24-8f4ea466f912,42868828,0,16,16,true,0,practice
9cdef77f-7cad-45e7-997c-a0764c1a477f,90801586,9,49,18,false,5.9,baseline
9d5c5f31-3906-4caa-819a-83d5086eec2e,28728463,2,13,13,true,0,practice
9db706fc-0458-4439-b3c0-e6fc6bc920f5,13999315,6,29,29,true,3.65,baseline
9dbcfe36-4d62-4e58-8487-192009bba2e8,39958838,0,16,16,true,0,practice
9e038cd5-6121-4291-b9f3-a0506391cb8f,83197857,5,56,15,false,3.2,pressure
9e8dbb94-aca4-4c58-a79b-30c345317749,99999999,5,56,56,true,0,pressure
9ea00b61-0498-4d2b-871f-a3221c882e0d,39958838,3,60,60,true,1.0,practice
9eab4fc7-4932-4e6f-b372-30f7f39645a6,41227216,13,13,13,true,6.4,pressure
9f2ab8f2-201d-484a-9228-e4b9c9c96104,13999315,9,49,21,false,6.45,pressure
9f67543b-2008-4bb2-a017-b90e4a2589a2,39345092,10,39,21,false,9.7,baseline
9f7f5972-f705-4007-a816-e516f2d37fcb,24942603,5,56,22,false,3.4,baseline
9ff7f2cb-99a9-4819-bc82-275cf4837e69,22575562,0,58,12,false,0.6,pressure
a00d247e-d354-4011-a116-5a1fa8ea949b,89254563,4,16,14,false,3.0,baseline
a039c17b-adff-4827-b2ea-e63b9e2b7ab6,28728463,4,16,16,true,2.4,baseline
a03c7422-ed9f-48ec-ac6e-bf9920e30b94,83197857,10,39,23,false,7.45,pressure
a03fe55c-f714-4e31-9ba1-c8697a59fb72,22575562,14,28,10,false,9.85,baseline
a1ba9aa4-a0d7-4c0b-8690-6234a707c49a,83197857,4,16,16,true,2.45,pressure
a2807eb5-a08f-46ab-9881-97f0e35fb0a4,21668732,10,39,10,false,5.35,pressure
a38b494c-6851-4992-9334-9dc625605e5b,90801586,7,41,22,false,5.0,baseline
a3ba2e33-a6d6-427a-af0b-acedcadd9828,21668732,12,29,29,true,7.9,baseline
a3c1317d-d84d-4ec1-9ebb-0a8348839e7c,13999315,3,13,13,true,2.15,baseline
a47eabf3-f238-49a7-bd52-511f38f7e3df,77827638,11,46,13,false,6.65,baseline
a5f9f5a0-c38b-4302-b80b-6f179f72b306,83197857,14,28,25,false,11.05,pressure
a63d9725-dbdf-41d1-803f-339f8526c3fd,83197857,14,28,26,false,11.1,baseline
a65ce674-6a03-40dc-bbc9-0cefebf80819,89254563,3,10,10,true,2.75,practice
a6d2f70e-088c-4b00-a474-59de87469137,13356886,7,41,16,false,5.05,baseline
a7213f1e-2633-4815-b42e-70a2c944edf8,83197857,3,40,9,false,1.1,practice
a72c6b83-227a-4a5c-b7ac-a23eb8bdd1a3,39958838,10,39,31,false,7.15,pressure
a7480eac-8c9f-4d68-8acc-e565c16fe4f4,42868828,12,29,24,false,10.75,pressure
a761a0a8-f483-4c5f-a2f4-c18632ae69a4,22575562,2,26,26,true,1.95,baseline
a7e49fc6-c468-4093-b488-3a0dbe257165,89254563,8,13,13,true,5.05,pressure
a7efa83d-04df-4671-be60-7ff5ac71929b,13561597,11,46,8,false,5.2,pressure
a8b0d6d6-395d-43bc-a308-c8969738097f,14265799,4,16,7,false,1.2,baseline
a8b3511d-f5ad-4e38-97ca-5d416fbaf749,99999999,3,13,13,true,0,pressure
a8bfe1d3-959b-4808-8c22-7f6e0c8d2ddb,95822412,9,49,12,false,5.45,baseline
a8f9583b-daf1-451b-a372-611f7196bfef,24942603,0,58,23,false,1.15,baseline
a9459fb7-636e-4734-95e5-07fdd32b6a51,13356886,1,24,14,false,1.4,pressure
a9526038-66c7-4ab7-8796-38d9a7e0cc06,13999315,12,29,26,false,10.0,baseline
a9736c23-f22f-41e0-b73c-cf3044d5a735,95822412,7,41,17,false,4.15,pressure
a9c1eec0-f75e-4a50-ae2d-b2696af6a916,99999999,11,46,46,true,0,pressure
aa6f1269-6652-4c5c-ac1c-e6ff3faf45e7,24942603,8,13,13,true,5.55,baseline
ab8bfbb6-9db2-41ed-8a27-e6c09c78b89d,46913810,5,56,10,false,2.55,pressure
abe58441-1808-4375-9f2c-d632392f906e,46913810,3,13,9,false,1.65,pressure
ac40feaf-3ddb-435b-9732-6e398591cfc9,21668732,6,29,20,false,3.55,baseline
ac85273a-0512-4e7c-8f39-284d9f09cc22,23756669,2,3,1,false,0.25,practice
ad24a919-9a76-46ed-bdfc-982f1436efe9,13561597,8,13,13,true,4.0,pressure
ad643a2d-5f48-4864-bb79-6f71d8d57ad6,13999315,1,24,15,false,2.3,pressure
ad6e32df-4d17-42ca-a9dd-27608b6f2f89,41227216,1,24,8,false,0.55,practice
addd55d3-ee49-4e39-96b4-6bf9ada4497b,66629388,11,46,20,false,8.45,baseline
ade81c83-2d67-4f85-9cdf-8e91424e7ef8,13999315,9,49,23,false,6.2,baseline
ae1a6cb7-1e95-426b-87c2-8d165ac88e9c,42868828,3,13,13,true,2.25,pressure
aeca8480-4073-4d69-8bfa-07d291d89b7b,22575562,3,13,13,true,1.4,pressure
aecd4380-023c-4724-8301-93143bb3e25f,90801586,13,13,13,true,11.4,pressure
af34c1ac-de93-4bb1-b246-17d8c96d2342,77827638,8,13,13,true,5.45,pressure
af942f54-d99c-47ca-b2b0-5397db2144ba,22575562,1,22,22,true,1.6,practice
b098985a-142e-4e65-87df-1fa428269bd5,24942603,2,13,13,true,2.0,practice
b0cf1562-ec42-4742-a8f3-64399a7f0619,39345092,3,13,13,true,0,pressure
b149695c-c739-43fd-9c19-b78bbd80d12d,14265799,9,49,17,false,7.15,pressure
b291260a-48e1-438e-aaed-ccb56eb2f16c,14265799,2,26,7,false,0.85,baseline
b2c0e68f-b038-425c-91fe-811a2d72b362,46913810,9,49,12,false,5.7,baseline
b2fa715e-59ea-4489-be0f-eb39edc450d3,13561597,13,13,10,false,6.5,baseline
b3e7d5ab-dfaa-4998-8ceb-1270c2723342,46913810,13,13,13,true,7.55,baseline
b407128b-5548-4395-9818-fd1c17eb1bab,83197857,1,24,24,true,1.05,baseline
b40a4f13-8ade-4e9f-80ab-f180d8fd059a,77827638,1,24,16,false,1.45,pressure
b40add79-db01-4731-be78-51a6faacf885,41227216,3,13,13,true,2.7,baseline
b4423f6d-7aa7-40a4-b918-4412e3bfb762,89254563,1,24,24,true,2.0,pressure
b4e482cd-de66-40ed-b962-37dd029a7bf5,46913810,0,58,8,false,0.4,pressure
b4f09a49-80aa-47ca-8b27-96b473aa68cb,24942603,2,26,18,false,2.5,pressure
b5525583-45d3-4afe-9865-fc5356f1076d,66629388,6,29,9,false,2.55,pressure
b5ca8dbf-682c-4dee-92b5-12ea1789a5aa,13356886,8,13,13,true,4.9,pressure
b61b9f6c-16aa-44cd-a3eb-d8ca1bf28040,77827638,1,24,14,false,1.4,baseline
b641643f-57e2-4416-ba60-d15ea65b4130,89254563,13,13,13,true,11.7,baseline
b6625e23-8af4-450f-8fe5-db2ca5cefe0c,42868828,4,31,31,true,1.35,practice
b6921d44-bf03-41e0-9d63-6529e2d1d2e0,95822412,2,26,15,false,2.5,baseline
b6c298a3-a071-4bfc-8b97-c6216f41a90d,13999315,10,39,26,false,7.75,pressure
b6d50c5b-bd03-40b2-adb0-9ef76b723f82,39958838,10,39,20,false,5.7,baseline
b796b065-2faa-4f51-997b-7369f308bfd9,77827638,14,28,19,false,9.6,pressure
b7d40a19-9e6c-49cc-8742-c7b515744130,22575562,10,39,17,false,7.5,baseline
b7d4a48e-3cc3-4769-b258-0842569afbb9,95822412,13,13,13,true,6.15,pressure
b7e92011-cc5d-4f8d-ad65-6951f53adc1d,14265799,5,56,8,false,1.6,baseline
b813f150-5a0e-4c02-875e-d928fd4298d8,66629388,0,58,6,false,0.3,pressure
b82b0ed2-0883-4347-9680-8c9b0e3431db,13999315,4,16,16,true,2.3,pressure
b8b84159-4bb9-4bbd-a63a-96a4f05433a6,39345092,13,13,13,true,8.15,pressure
b8eacfa4-05ae-49c1-81ef-a912c1129b49,95822412,2,13,11,false,1.25,practice
b931648e-7809-4caa-b1e9-71b3faf610cf,46913810,9,49,10,false,4.7,pressure
b9dbbf57-ae5a-4277-b38d-7a1c26995036,77827638,13,13,10,false,7.75,baseline
ba261173-bc32-4e37-a576-15505bcc622b,66629388,4,16,3,false,1.65,pressure
ba665bb0-87f7-4907-b1e8-f54fe9a21a70,95822412,13,13,13,true,7.75,baseline
ba709294-3bbf-4b6f-a566-828655c4a112,22575562,3,13,13,true,1.95,baseline
baab6cfc-3d95-4690-ac2a-c98803982fbc,13561597,4,16,12,false,2.35,baseline
bae8740d-10d7-48a9-bc9c-63786f134aad,83197857,7,41,22,false,5.3,pressure
bb114041-ea2f-4de5-8fdf-adfcedb844b1,13999315,1,24,0,false,2.15,baseline
bb4c7126-3984-4fc5-88ab-47471422b1a6,21668732,9,49,11,false,4.85,pressure
bb51b4c9-f418-421d-8f5d-cbffdd2f9862,66629388,10,39,20,false,7.45,baseline
bb5327aa-d65c-4cb3-aff4-122d1bcde3b2,83197857,6,29,24,false,4.7,baseline
bb63159f-737f-41ab-9d76-c0714d997f24,83197857,11,46,28,false,9.8,baseline
bb7317ca-0e49-4756-9d2a-e4c0dc0151c8,14265799,12,29,19,false,10.0,pressure
bb9a5977-d4b0-4fbb-9206-b343c9a10e85,95822412,9,49,11,false,4.7,pressure
bb9ee22c-055a-4470-8425-4ca7d4ff508c,39958838,12,29,18,false,7.45,baseline
bba1762b-8f46-4b81-b282-e4beab573e26,77827638,12,29,16,false,8.65,pressure
bbc32b8a-6bfb-4f9b-8ca3-6e29758217ce,14265799,14,28,22,false,7.15,baseline
bbc8035b-b647-48b4-b062-97e3b447a7d5,90801586,1,24,14,false,1.85,practice
bbdc0b23-99ca-4bf3-a5a6-67c8df6a78ef,66629388,11,46,11,false,4.85,pressure
bbeb7023-c1e9-4aae-8959-87e6aa07554d,83197857,12,29,29,true,9.8,baseline
bc170d90-5a77-4474-a9bf-afb5051b0e43,39345092,12,29,29,true,10.95,baseline
bc88ec54-5609-46a4-a6e3-a21c14331b6f,42868828,13,13,13,true,9.65,baseline
bd70e2fc-3037-4286-998a-8371b1a8a58f,23756669,8,13,10,false,3.95,baseline
bdd7ab90-f7f7-4f99-b5d8-813e8c3044e9,46913810,10,39,12,false,6.3,baseline
be890214-44c2-48ea-bfc3-9d1836890d10,83197857,6,29,20,false,4.2,pressure
bee53c15-c7c8-4ebe-a98c-994ce21aba65,90801586,2,26,26,true,1.8,baseline
bf08e4ea-4c3c-4af5-9ede-10d79dc267f8,13561597,1,24,10,false,0.85,pressure
bf22c7d8-04b2-42b0-819d-cdc945a3e50d,46913810,1,24,8,false,0.8,pressure
c07f8227-c6cb-4c3e-96f9-6666b704b51f,46913810,1,29,8,false,0.4,practice
c0c84b77-8e14-478b-a4e7-a7b24ccd53c3,23756669,12,29,12,false,6.4,baseline
c0ed5fa6-bc2d-49df-877b-11f6594d13c7,23756669,7,41,10,false,3.45,baseline
c11c7029-6f27-41c8-9c7f-691444afd4c8,90801586,12,29,22,false,11.4,pressure
c11d77b8-7003-45c2-9c8d-4755b3cbcd79,13561597,0,58,7,false,0.35,pressure
c12305ef-e4a0-458f-99e2-e4043e606814,95822412,4,16,8,false,2.75,pressure
c1740e95-34c7-49f5-b0d6-6cbf6c778dd1,23756669,9,49,12,false,5.45,pressure
c26e9083-5fb4-4a2c-8d00-d9a069fbd359,28728463,3,13,13,true,1.15,pressure
c288c6fb-8415-4d81-bd6a-7d21e3602e88,77827638,3,13,13,true,2.3,pressure
c2917d81-2e31-4bf2-a5b1-7a44600e5fe8,21668732,12,29,12,false,6.5,pressure
c29970d7-8b8a-4c26-b0e3-0e52f11096eb,21668732,13,13,12,false,7.1,pressure
c30f37c7-a63c-49c3-85a1-242774411945,13561597,2,62,7,false,1.1,practice
c3364442-14a3-4d22-8489-20ef764e76ce,23756669,8,13,13,true,4.85,pressure
c40beb04-1939-4bcd-bd5a-b8cd41a1c4cf,21668732,5,56,19,false,3.25,pressure
c461c9f6-2cd6-438d-bb7a-0ab7776da907,13356886,3,13,13,true,2.35,baseline
c47f150d-cbbf-4053-ba7d-873fa4458001,14265799,0,55,7,false,0.35,practice
c49a9583-6a51-4300-b19b-3a1ea02bd62b,13356886,10,39,15,false,6.5,baseline
c4f58d00-f871-46e6-815a-78cbe8dab374,13356886,13,13,13,true,7.95,baseline
c530258d-e505-4159-b11c-a1b1b389cd88,89254563,2,26,18,false,2.3,baseline
c57737de-19fd-4352-a626-53a6ae2ec755,13561597,14,28,10,false,6.5,pressure
c599f77d-426f-4d65-b265-25ce48307498,24942603,6,29,20,false,4.4,baseline
c611549a-7175-4a7e-9758-1cb7dce51bfa,95822412,6,29,12,false,3.55,baseline
c66e3beb-098c-430d-b471-b5ba989dbe10,39345092,4,5,5,true,0,practice
c66f2339-7f7b-4e62-8830-f8e246d5434a,13561597,3,13,9,false,1.8,pressure
c6890c56-bfb8-47a7-bbee-aa386a420ba5,41227216,14,28,13,false,7.05,pressure
c6f17cbe-4de9-458b-8991-0de53ff24be3,24942603,4,16,16,true,2.3,baseline
c812911a-e304-4a37-9303-9264a2b32b1d,99999999,9,49,49,true,0,pressure
c8a8f2cf-ca72-4fc4-972e-194588ab6817,13999315,5,56,19,false,3.25,pressure
c8ac8078-5ae9-49eb-a2cb-999b7bb0f36d,21668732,2,26,7,false,1.3,baseline
c8c425d4-0df1-4784-9321-d2d97941f655,41227216,4,16,12,false,3.3,baseline
c92292c3-80c5-4d95-ba70-26642cd0ac57,95822412,8,13,13,true,4.15,pressure
c9b9172a-a1ff-478e-ad93-9e5e2ac4dd27,89254563,6,29,23,false,3.75,pressure
c9bec19e-f862-4650-9dad-1a68bc880297,23756669,14,28,11,false,8.2,pressure
c9d9e969-1fef-4f46-9730-d727c8de7000,39345092,3,13,13,true,3.0,baseline
c9ede156-7235-46aa-8d8c-872864c98fa6,41227216,4,16,10,false,2.2,pressure
cabd383b-9dd4-4f84-9269-b58400582f54,66629388,3,13,13,true,2.35,baseline
cae13ba3-cf54-4f08-81e2-4549d3d47fad,28728463,6,29,24,false,4.95,baseline
cb0b263f-a256-42b5-8e92-2cc2acee35af,66629388,5,56,15,false,3.75,baseline
cb1709b7-f4f8-4b47-9314-54ca3ef395e5,89254563,6,29,24,false,5.25,baseline
cb6fe8a5-040c-494b-9404-8fcfc88aafb2,28728463,10,39,39,true,8.85,baseline
cbcfa05c-8299-4c9a-9b88-c684567b825a,13356886,0,58,14,false,0.7,pressure
cc2601ac-61d7-4552-9ad8-c52e64729d1f,28728463,0,16,16,true,0,practice
cc56b1fd-90b8-469e-b040-92a460e5a00e,22575562,5,56,19,false,3.05,pressure
cc961b1f-8787-495d-b834-6b5d8a476467,13356886,3,60,12,false,1.4,practice
cce4f04a-886d-4253-8d56-50c3bf5145ad,89254563,10,39,28,false,7.1,pressure
cce6506b-8188-4fa7-90ef-a0b451a4fd59,39958838,5,56,25,false,1.7,pressure
cd275de1-0f4d-4e2d-8cd6-89d99b04bbe1,77827638,6,29,13,false,4.0,baseline
cd74abb2-898e-4552-94df-a0881a9b4b75,13999315,14,28,28,true,10.0,baseline
ce6d4cc2-d109-474a-af13-29edabe73ac2,13999315,3,10,10,true,3.75,practice
ce7d1520-c367-4530-ba7f-99c227410126,13999315,8,13,13,true,5.05,baseline
cee8bc58-1ba9-4c12-ae59-f8ada8eb5587,13999315,11,46,25,false,9.0,pressure
cf8725c7-207a-412c-b44e-b2512a497406,66629388,14,28,11,false,10.2,baseline
d0c3feb0-2b01-47db-9707-175489058ab4,95822412,0,24,14,false,0.7,practice
d0c8134d-0287-4283-b32c-ac6edfb6e63d,39958838,3,13,13,true,0,pressure
d17eea7e-f37f-4848-9d3e-1e076da0be5e,39958838,13,13,13,true,7.45,baseline
d23e5604-5090-4cff-b1d7-ee0077c15f0e,14265799,0,58,28,false,1.4,pressure
d2877383-ca0d-4a04-a489-7fff10757365,22575562,3,10,10,true,2.3,practice
d3577eb0-262c-4616-9f45-41d0196f1d03,23756669,6,29,9,false,2.95,baseline
d3bda07e-3cf6-4754-8f96-36714b1facd5,21668732,3,10,2,false,1.7,practice
d3d55e6b-f6c4-40d6-a4ac-0e97415f7cea,95822412,12,29,15,false,7.75,baseline
d405d094-32fb-4175-82b9-a94d6ff1fac1,13561597,5,56,12,false,2.95,baseline
d4088136-a355-486f-a751-39497f05f3da,95822412,1,8,8,true,0.7,practice
d4ba3e71-1cdd-47b2-b182-3769e6397fe6,14265799,7,41,22,false,6.3,pressure
d540e511-348b-4128-9d3a-b1251afbef2f,39345092,2,26,24,false,3.0,baseline
d58eeac0-3aa2-460c-83d8-35202dadd1bc,66629388,9,49,6,false,3.95,pressure
d5e057c6-7158-4933-8208-907f2f8a0108,90801586,0,58,13,false,0.65,pressure
d5e84b3d-e5fa-4f92-a488-5c216b136cfc,41227216,7,41,15,false,4.2,pressure
d615a5c5-95d4-40d0-b99a-85476daaf43f,77827638,3,13,13,true,2.05,baseline
d67080e3-4db3-41df-b29f-1dccc92d4623,77827638,13,13,13,true,8.65,pressure
d6cd624f-c0ea-4caa-9323-d7da0decd51e,13999315,13,13,13,true,10.15,pressure
d6e44b45-e9ad-40c1-885b-45f5d49cafb4,23756669,9,49,12,false,4.55,baseline
d7006603-8d1d-4d39-b433-c8683083d182,22575562,8,13,13,true,5.85,baseline
d7434319-953a-42ac-9b9d-3e2d77731880,23756669,10,39,13,false,5.2,baseline
d86d8938-2d05-4584-b8be-f156171127b3,13356886,0,58,15,false,0.75,baseline
d899fcfc-ccac-47cf-bee9-9d708fd8d213,89254563,14,28,14,false,12.4,baseline
d8ff6e76-62c7-4f3f-960b-ff92f4504c50,22575562,4,16,14,false,2.1,pressure
d92c2c3d-8e95-4a0e-81f7-eca2ae5c3d53,42868828,5,56,13,false,3.45,baseline
d9924141-b100-4dad-8e17-a54748ae3513,42868828,12,29,21,false,9.65,baseline
da11ea9c-bef4-4e28-b5bb-c052569b0d0a,14265799,1,24,6,false,0.5,baseline
db4ceeaf-07f3-478b-983f-3d7a9693213f,95822412,5,56,9,false,2.95,baseline
dc02fa9f-a419-4ffd-91e5-763a324e3caf,22575562,8,13,13,true,5.65,pressure
dc996882-c278-4fae-983d-d5569e115760,89254563,12,29,25,false,11.7,baseline
dda996cb-9173-4e5f-a243-9a3b9923d510,41227216,9,49,11,false,6.15,baseline
ddd434ea-90b2-4b39-90f5-c0c9a309c778,89254563,0,58,28,false,1.4,baseline
de446685-a0e9-49f1-8774-4512ad182198,14265799,4,16,15,false,3.2,pressure
de6174c3-38fb-4e00-9a6c-a68ef8888308,42868828,14,28,13,false,10.3,baseline
df22a438-dd33-4965-8981-618c490cf9e1,22575562,10,39,23,false,8.1,pressure
df25ebd8-ee63-4f19-9e89-edc33865ca4a,23756669,3,40,1,false,0.3,practice
df54588f-7900-4e4f-97ce-145ee7f81a95,21668732,10,39,16,false,7.8,baseline
e0263a18-8634-4265-b3d9-6189586ce94e,13356886,4,16,14,false,2.8,pressure
e04bdfd5-bf95-4f14-aa08-b51affc78e56,21668732,4,34,18,false,2.6,practice
e1965c37-6141-4afb-a2a0-5f86fd930c1c,66629388,7,41,22,false,5.65,baseline
e1cda8c1-17d1-4327-bf5e-7ad4aa1bc2cd,90801586,1,24,22,false,1.75,pressure
e29b0c63-1330-4621-b390-39055e9dcde6,95822412,11,46,14,false,6.15,pressure
e2e25f5c-789a-4e7d-b1e8-88a3eef63afa,28728463,8,13,13,true,4.55,pressure
e3217e1d-7185-4102-8cbb-d4caa6d714fa,24942603,4,16,16,true,2.5,pressure
e33225fc-07fd-43f4-ae16-2909733410ad,95822412,4,31,31,true,3.45,practice
e36bf6b4-a972-4378-a139-d40f759eae87,28728463,14,28,28,true,9.3,pressure
e3ec3225-a258-45c7-9f85-b53c41841e00,13561597,10,39,8,false,5.05,baseline
e440a51e-21a1-40d4-8744-e36ec1968d86,21668732,1,24,24,true,0.95,baseline
e4653ba5-5a36-44b5-a07d-7ba2b7b0af9c,46913810,11,46,12,false,5.8,pressure
e5e797b4-ebb2-4d48-a3b6-296a9084b94a,13356886,6,29,14,false,4.2,pressure
e5f020e4-d1b0-4555-86ac-4b14f7d8f595,39345092,14,28,21,false,12.0,baseline
e604dc16-a13a-495d-9312-9179eabb470d,41227216,5,56,15,false,4.05,baseline
e78cc217-8211-414f-b5dc-1e265b2a6707,89254563,10,39,34,false,9.5,baseline
e79f826b-63f7-4bd0-8384-b61d34be0795,39958838,4,16,9,false,0.45,pressure
e7f52dd2-7302-4d44-adfb-6e65cd7c0079,77827638,1,24,24,true,1.45,practice
e80b9622-2c40-4694-a897-f71141c10a37,99999999,13,13,13,true,0,pressure
e8ed78cd-844a-48c1-8165-1c6c830383e9,39345092,4,16,13,false,0.65,pressure
e9018811-984a-4b4c-8f5f-61e5dfdc4d78,22575562,11,46,18,false,8.4,baseline
e9c2c678-1cd7-43ef-a82a-b7615e921c96,23756669,10,39,12,false,6.05,pressure
ea1b5c27-845c-4590-8509-a35494b10d8a,21668732,8,13,13,true,4.3,pressure
eacbddfc-963b-45b6-83f4-835607edad99,21668732,7,41,28,false,4.95,baseline
ebe1119d-927d-427b-b782-7418abd88270,99999999,8,13,13,true,0,pressure
ec1ba5f9-38de-452c-b156-51a105c8e884,24942603,10,39,15,false,6.2,pressure
ec6b2ee1-ea59-4823-9f5f-c2fc028389a4,90801586,6,29,17,false,3.9,baseline
ec7301de-670b-4aa8-be74-b3314b6298ef,23756669,11,46,12,false,5.8,baseline
ec8dae24-892b-4801-8024-7cdcd56ece93,22575562,2,26,16,false,1.4,pressure
ed25b63c-c4cb-4ed8-a4b6-401fc48848d9,22575562,6,29,21,false,5.05,baseline
ee5ac67e-f82f-4407-a594-14b7956bdfce,95822412,0,58,20,false,1.0,baseline
ee7678ad-98b3-4dfd-a835-563eb6507b66,13356886,10,39,14,false,6.3,pressure
ee92460f-bc84-47b0-adc2-624d4e835759,95822412,1,24,13,false,1.7,pressure
eeeb0369-59ca-494a-b950-98e802bb8a36,46913810,8,13,11,false,4.2,pressure
eeebc12e-a206-4902-9641-66c3dd90177f,66629388,1,24,24,true,2.35,baseline
ef000ed7-680e-4adb-aef0-58dad0e19ec6,39345092,9,49,30,false,8.65,baseline
ef57c087-0577-4404-823b-b5e241199956,90801586,13,13,13,true,9.1,baseline
efa4722a-4bf0-4b01-8b76-aa434ef73f58,46913810,10,39,10,false,5.2,pressure
efb999f8-f824-43f1-a98d-fe9dea15d767,13356886,1,24,15,false,1.5,baseline
f008acba-1455-4d80-93e7-969adff1450b,28728463,0,58,27,false,1.35,baseline
f01a6ce6-6b4e-4ab5-80c8-c09ebd1d16f8,46913810,7,41,11,false,3.65,pressure
f0676716-6249-4418-a8af-37d1a6701e2c,13356886,9,49,14,false,5.6,pressure
f0a3c182-8e7d-472c-8d35-180751fe3c58,14265799,5,56,19,false,4.15,pressure
f120243d-14cc-4079-a890-ada01ec4b941,41227216,2,26,12,false,1.7,pressure
f1aabe01-6b1e-40d7-8516-f8af939cceae,39345092,9,49,21,false,5.1,pressure
f1d12a1b-b8b6-4b9b-abd7-d0df8e6c9863,24942603,5,56,14,false,3.2,pressure
f20df81d-d7f7-4356-8e2c-7824060a98a4,23756669,2,26,15,false,1.5,baseline
f22edd64-1184-4fe9-bfd0-c400bf60e6d3,23756669,0,58,4,false,0.2,baseline
f2b83546-3b5d-4c40-abd4-5bdf2ac6a353,14265799,13,13,13,true,10.0,pressure
f2bb72b2-3238-4e5f-8c46-f6894453f291,42868828,4,16,16,true,2.8,baseline
f2ee5947-4582-44d4-903a-22152422ecf8,46913810,14,28,12,false,7.6,pressure
f3065d05-4188-4d34-a649-1384cafda698,90801586,5,56,19,false,4.7,pressure
f37229d9-e64b-463d-ae3f-7c0e4953e4b4,99999999,2,26,26,true,0,pressure
f37c68f3-fe52-44b9-a030-373a20cd4762,83197857,12,29,24,false,9.8,pressure
f3a9a8a0-c236-4a71-9ab8-3d877daffd15,83197857,0,58,21,false,1.05,baseline
f49f864b-6f26-46bf-b799-be562accbf24,23756669,14,28,10,false,7.45,baseline
f4c3a82c-984f-42a4-a176-b73507da8316,46913810,6,29,13,false,3.9,baseline
f4cc7e0a-2e51-4921-af66-a2307170ce4e,13356886,3,13,13,true,2.1,pressure
f59fb378-01ba-4292-be8a-1630dfbe6b1b,39958838,11,46,17,false,6.55,baseline
f638d74a-0355-4765-bb99-6b1796dc5275,13999315,10,39,20,false,7.2,baseline
f6744be6-60d0-4f7a-9b9d-92b55fa4e27a,13999315,6,29,22,false,4.35,pressure
f69be599-2a99-46c6-8bba-0dc7266ff3fb,89254563,4,34,34,true,2.75,practice
f6c8461f-9839-44df-9bd5-809d9a45c687,24942603,14,28,22,false,9.45,pressure
f73e4ed5-6c39-4755-a9d3-a2ecd8578b85,42868828,2,26,24,false,2.8,baseline
f892ed11-e4ed-4d58-a652-fd94ab8a4bf7,14265799,6,29,21,false,5.2,pressure
f9a87d1c-e97f-4dc7-b55f-1391dd57bc5e,23756669,4,16,13,false,2.7,pressure
fb19c0c9-d339-4791-be80-12d7280dcca6,39345092,11,46,25,false,10.95,baseline
fb6f754b-6e9a-4adf-8d1e-fc0e4633658e,21668732,2,61,11,false,1.6,practice
fbc92a4a-6cfe-40fd-b15d-8169c30e2829,39958838,6,29,27,false,3.05,pressure
fc003247-c79a-4f35-a20b-25bcc61acc94,13356886,2,26,14,false,2.1,pressure
fc2e43b6-b307-432c-a5df-0973a4791a9b,21668732,0,50,9,false,0.45,practice
fc876bd6-fdd5-428e-8807-cbd65ec28a43,89254563,9,49,13,false,5.7,pressure
fda9d5f4-980a-4303-ac31-fb290f0f3095,22575562,13,13,13,true,9.35,baseline
fdb7c688-46a2-4a11-8667-e19ca18d722b,66629388,1,24,6,false,0.6,pressure
fde58d30-fa02-442a-b5c5-bca818503a36,24942603,6,29,13,false,3.85,pressure
fe05401f-f547-458c-b282-3040e00b0aff,77827638,9,49,17,false,6.3,pressure
fe8b87c5-1dc0-48a1-92d0-a6dfc5ce6572,39958838,8,13,13,true,4.7,pressure
fefb9350-397f-4e72-aaa1-0ef79e5e5242,13561597,8,13,13,true,4.3,baseline
ff1ad942-7e21-4860-95ec-bdc9e5fe19b1,42868828,3,60,27,false,1.35,practice
ff2c9bbd-5f4d-498d-b809-2842139dbe19,95822412,1,24,15,false,1.75,baseline
ff344110-bdf3-466e-9fe3-a9e04e670605,21668732,9,49,31,false,7.0,baseline
ff5316d2-63a3-4178-a83f-a873b703c6ad,83197857,2,26,21,false,2.45,pressure
ff6f9aa6-7351-425a-9697-9a85f13e2499,89254563,7,41,28,false,6.65,baseline
ffba6d40-7c7a-4303-bbf5-f85951f0f24c,42868828,1,29,29,true,0,practice
ffe11c7b-8acb-4df2-9ae3-84f4e8f10217,77827638,12,29,12,false,7.25,baseline